/*****************************************************
 * INSERT SAMPLE RECORDS 
 * update 2010-10-09
 *****************************************************/

DELETE FROM media;
ALTER TABLE media AUTO_INCREMENT = 4;
INSERT INTO media
(id, name, type, create_date, update_date, comment) VALUES 
(1, '(サンプルファイル)2009技能五輪PHPセミナー', 'pdf', '40442.1055555556', '40445.7589583333', 'これはテスト用のサンプルpdfファイルです。'),
(2, '(サンプルファイル)テキストファイル', 'txt', '40443.5605555556', '40443.5605555556', 'これはテスト用のサンプルテキストファイルです。'),
(3, '(サンプルファイル)セミナーの様子', 'jpg', '40444.6484490741', '40444.6484490741', 'これはテスト用のサンプル画像(jpg)ファイルです。')
;


DELETE FROM tag;
INSERT INTO tag
(id, name) VALUES 
(1, 'せつこ愛'),
(2, 'オブジェクト指向'),
(3, 'Git'),
(4, 'Tutorial'),
(5, 'HTML'),
(6, 'SQL'),
(7, '勉強会'),
(8, '商標権'),
(9, 'プロジェクトメンバー')
;

DELETE FROM category;
INSERT INTO category
(id, name, parent_id) VALUES 
(-1, 'no_parent', null),
(1, 'SetucoCMSプロジェクト', -1),
(2, 'Web制作', -1),
(3, 'おすすめ', -1),
(4, 'データベース', -1),
(5, 'プログラミング', -1),
(6, '開発技法', -1),
(7, 'その他', -1)
;


DELETE FROM page;
INSERT INTO page
(id, title, contents, outline, status, category_id, account_id, create_date, update_date) VALUES 
(1, 'サンプルページ１', '<p>コンテンツコンテンツコンテンツコンテンツ<-p>', 'アウトライン', 1, 1, 1, '2010-07-12 9:31:37', '2010-07-12 9:31:37'),
(2, '二つ目のページ', '<p>コンテンツコンテンツコンテンツコンテンツ<-p>', '概要', 1, null, 1, '2010-07-15 19:25:32', '2010-08-14 9:43:29'),
(3, '3rd Page', '<p>コンテンツコンテンツコンテンツコンテンツ<-p>', 'これはアウトライン', 0, 4, 1, '2010-08-31 23:47:51', '2010-08-31 23:47:51'),
(4, '4th page is nice.', '<p>コンテンツコンテンツコンテンツコンテンツ<-p>', 'これが概要', 1, 3, 1, '2010-09-01 3:24:16', '2010-09-01 3:24:16'),
(5, '%%5個目のページです%%', '<p>コンテンツコンテンツコンテンツコンテンツ<-p>', 'アウトラインかつ概要', 1, null, 1, '2010-09-01 5:24:16', '2010-09-05 11:19:46'),
(6, '(6$$$ページ目)', '<p>コンテンツコンテンツコンテンツコンテンツ<-p>', '概要はアウトライン', 1, 2, 1, '2010-09-03 8:01:31', '2010-09-03 8:01:31'),
(7, '__7page!!', '<p>コンテンツコンテンツコンテンツコンテンツ<-p>', 'nice outline.', 0, 1, 1, '2010-09-04 16:52:00', '2010-09-04 16:52:00'),
(8, '8つめ', '<p>コンテンツコンテンツコンテンツコンテンツ<-p>', '8つめそのもの', 0, 1, 1, '2010-09-09 20:59:02', '2010-09-09 20:59:02'),
(9, '---9th.---', '<p>コンテンツコンテンツコンテンツコンテンツ<-p>', '-----', 1, null, 1, '2010-09-12 9:42:58', '2010-09-12 9:42:58'),
(10, 'LIKE 10th = page', '<p>コンテンツコンテンツコンテンツコンテンツ<-p>', '^%_!VBです。', 1, 5, 1, '2010-09-19 14:29:41', '2010-09-19 14:29:41'),
(11, 'eleven?', '<p>コンテンツコンテンツコンテンツコンテンツ<-p>', 'exit();', 0, 7, 1, '2010-09-20 20:52:24', '2010-09-23 21:02:52'),
(12, '?twelve!', '<p>コンテンツコンテンツコンテンツコンテンツ<-p>', 'var_dump(12ページ目);', 0, 4, 1, '2010-09-24 01:02:52', '2010-09-24 01:02:52')
;


DELETE FROM page_tag;
INSERT INTO page_tag
(page_id, tag_id) VALUES 
(1, 1),
(2, 4),
(3, 2),
(3, 5),
(3, 6),
(3, 7),
(4, 1),
(5, 4),
(6, 8),
(7, 2),
(7, 3),
(7, 9),
(10, 1),
(10, 6),
(11, 3),
(11, 5),
(12, 8)
;

DELETE FROM goal;
INSERT INTO goal
(id, page_count, target_month) VALUES 
(1, 13,  cast(date_format(date_add(now(), interval -2 month), '%Y-%m-1') as date)),
(2, 15,  cast(date_format(date_add(now(), interval -1 month), '%Y-%m-1') as date)),
(3, 10,  cast(date_format(date_add(now(), interval 0 month), '%Y-%m-1') as date))
;


DELETE FROM page_media;
INSERT INTO page_media
(media_id, page_id) VALUES 
(1, 1),
(3, 2),
(3, 3),
(5, 2)
;



